<data>
<item url="http://www.lanrentuku.com/" target="_blank" img="images/01.jpg" thumb="images/01_s.jpg"/>
<item url="http://www.lanrentuku.com/" target="_blank" img="images/02.jpg" thumb="images/02_s.jpg"/>
<item url="http://www.lanrentuku.com/" target="_blank" img="images/03.jpg" thumb="images/03_s.jpg"/>
<item url="http://www.lanrentuku.com/" target="_blank" img="images/04.jpg" thumb="images/04_s.jpg"/>
<item url="http://www.lanrentuku.com/" target="_blank" img="images/05.jpg" thumb="images/05_s.jpg"/>
<item url="http://www.lanrentuku.com/" target="_blank" img="images/06.jpg" thumb="images/06_s.jpg"/>
<item url="http://www.lanrentuku.com/" target="_blank" img="images/07.jpg" thumb="images/07_s.jpg"/>
<item url="http://www.lanrentuku.com/" target="_blank" img="images/08.jpg" thumb="images/08_s.jpg"/>
</data>